﻿<?xml version="1.0" encoding="UTF-8" standalone="yes"?>
<addon id="AnnatelTV" 
        name="Mreouven TV Add-ons" 
        version="1.0.0"
        provider-name="Mreouven">
    <extension point="xbmc.addon.repository" 
        name="Mreouven TV Add-ons">
        <info compressed="false">https://raw.githubusercontent.com/mreouven/AnnatelTV/master/addons.xml</info>
        <checksum>https://raw.githubusercontent.com/mreouven/AnnatelTV/master/addons.xml.md5</checksum>
        <datadir zip="true">https://raw.githubusercontent.com/mreouven/AnnatelTV/master/repo</datadir>
    </extension>
    <extension point="xbmc.addon.metadata">
        <summary>Install add-ons from Mreouven's add-on repository</summary>
        <description>Mreouven's Kodi Repository</description>
        <platform>all</platform>
    </extension>
</addon>